first_name,last_name,email
John,Doe,john.doe@example.com
Jane,Smith,jane.smith@example.com
Michael,Johnson,michael.johnson@example.com
Emily,Brown,emily.brown@example.com
David,Williams,david.williams@example.com
Sarah,Taylor,sarah.taylor@example.com
Daniel,Anderson,daniel.anderson@example.com
Laura,Thomas,laura.thomas@example.com
James,Moore,james.moore@example.com
Olivia,Jackson,olivia.jackson@example.com
Robert,White,robert.white@example.com
Sophia,Harris,sophia.harris@example.com
William,Martin,william.martin@example.com
Emma,Thompson,emma.thompson@example.com
Andrew,Garcia,andrew.garcia@example.com
Chloe,Martinez,chloe.martinez@example.com
Christopher,Robinson,christopher.robinson@example.com
Megan,Clark,megan.clark@example.com
Matthew,Lewis,matthew.lewis@example.com
Hannah,Walker,hannah.walker@example.com
Ryan,Hall,ryan.hall@example.com
Natalie,Allen,natalie.allen@example.com
Brandon,Young,brandon.young@example.com
Rachel,King,rachel.king@example.com
Justin,Wright,justin.wright@example.com
Victoria,Lopez,victoria.lopez@example.com
Kevin,Scott,kevin.scott@example.com
Rebecca,Green,rebecca.green@example.com
Brian,Adams,brian.adams@example.com
Lauren,Baker,lauren.baker@example.com
